{"cameraMode":{"drawMode":0,"name":"Shaded","section":"Shading Mode"},"sceneLighting":true,"audioPlay":false,"sceneViewState":{"m_AlwaysRefresh":false,"showFog":true,"showSkybox":true,"showFlares":true,"showImageEffects":true,"showParticleSystems":true,"showVisualEffectGraphs":true,"m_FxEnabled":true},"in2DMode":false,"pivot":{"x":1.7375285625457764,"y":4.6460394859313969,"z":2.7245538234710695},"rotation":{"x":-0.04924696683883667,"y":-0.7827391624450684,"z":0.062306541949510577,"w":-0.6173328161239624},"size":2.870743989944458,"orthographic":false}