{"cameraMode":{"drawMode":0,"name":"Shaded","section":"Shading Mode"},"sceneLighting":true,"audioPlay":false,"sceneViewState":{"m_AlwaysRefresh":false,"showFog":true,"showSkybox":true,"showFlares":true,"showImageEffects":true,"showParticleSystems":true,"showVisualEffectGraphs":true,"m_FxEnabled":true},"in2DMode":false,"pivot":{"x":-2.8238651752471926,"y":3.0349199771881105,"z":2.49354887008667},"rotation":{"x":0.023157713934779168,"y":-0.9768062233924866,"z":0.15513165295124055,"w":0.14582613110542298},"size":3.885544776916504,"orthographic":false}